product,date,demand,inventory,lead_time_days
C,2023-01-01,29,171,3.0
B,2023-01-02,21,193,3.0
B,2023-01-03,25,46,3.0
A,2023-01-04,19,189,1.0
A,2023-01-05,20,141,2.0
A,2023-01-06,17,63,3.0
A,2023-01-07,14,124,3.0
A,2023-01-08,19,16,
A,2023-01-09,21,197,3.0
C,2023-01-10,23,119,3.0
B,2023-01-11,25,160,2.0
C,2023-01-12,15,84,1.0
B,2023-01-13,19,147,2.0
B,2023-01-14,26,190,
C,2023-01-15,20,152,1.0
C,2023-01-16,23,21,
B,2023-01-17,17,44,1.0
B,2023-01-18,21,154,3.0
B,2023-01-19,19,46,1.0
C,2023-01-20,17,0,2.0
A,2023-01-21,22,6,2.0
C,2023-01-22,26,37,2.0
C,2023-01-23,22,43,3.0
A,2023-01-24,15,56,1.0
B,2023-01-25,14,177,3.0
C,2023-01-26,20,28,2.0
B,2023-01-27,24,104,1.0
A,2023-01-28,18,157,3.0
C,2023-01-29,16,193,3.0
C,2023-01-30,16,30,2.0
C,2023-01-31,28,163,3.0
A,2023-02-01,18,89,3.0
A,2023-02-02,22,4,2.0
C,2023-02-03,12,21,2.0
A,2023-02-04,23,-4,2.0
B,2023-02-05,21,154,2.0
A,2023-02-06,12,85,3.0
A,2023-02-07,28,132,2.0
B,2023-02-08,27,14,2.0
B,2023-02-09,24,5,3.0
B,2023-02-10,23,188,1.0
A,2023-02-11,26,31,2.0
A,2023-02-12,22,2,2.0
A,2023-02-13,23,123,1.0
A,2023-02-14,14,46,3.0
C,2023-02-15,19,81,2.0
B,2023-02-16,14,5,2.0
B,2023-02-17,22,56,1.0
A,2023-02-18,23,116,1.0
B,2023-02-19,22,124,3.0
C,2023-02-20,14,2,1.0
B,2023-02-21,23,176,
B,2023-02-22,23,153,
C,2023-02-23,27,91,1.0
C,2023-02-24,17,33,1.0
C,2023-02-25,16,40,2.0
B,2023-02-26,20,65,1.0
C,2023-02-27,16,104,1.0
C,2023-02-28,14,10,1.0
B,2023-03-01,24,117,2.0
C,2023-03-02,26,87,3.0
C,2023-03-03,24,37,
C,2023-03-04,17,198,2.0
B,2023-03-05,20,145,2.0
C,2023-03-06,25,116,3.0
A,2023-03-07,12,106,2.0
B,2023-03-08,17,156,
C,2023-03-09,33,129,3.0
C,2023-03-10,24,2,2.0
B,2023-03-11,14,87,3.0
B,2023-03-12,18,128,3.0
A,2023-03-13,17,84,3.0
B,2023-03-14,32,149,2.0
B,2023-03-15,30,38,2.0
C,2023-03-16,11,57,1.0
C,2023-03-17,22,177,1.0
A,2023-03-18,21,61,3.0
C,2023-03-19,18,35,2.0
B,2023-03-20,23,55,3.0
B,2023-03-21,14,46,1.0
C,2023-03-22,26,120,1.0
B,2023-03-23,15,69,3.0
A,2023-03-24,19,52,2.0
A,2023-03-25,22,194,
C,2023-03-26,24,21,1.0
B,2023-03-27,25,108,3.0
B,2023-03-28,23,195,2.0
B,2023-03-29,20,24,2.0
C,2023-03-30,28,136,2.0
B,2023-03-31,21,167,1.0
A,2023-04-01,26,128,3.0
C,2023-04-02,25,54,2.0
A,2023-04-03,24,153,3.0
A,2023-04-04,14,-1,3.0
C,2023-04-05,17,109,3.0
B,2023-04-06,15,145,
A,2023-04-07,25,90,2.0
A,2023-04-08,20,192,1.0
B,2023-04-09,24,73,2.0
C,2023-04-10,23,178,
B,2023-04-11,15,35,1.0
C,2023-04-12,17,2,1.0
A,2023-04-13,22,56,3.0
A,2023-04-14,25,89,3.0
C,2023-04-15,25,112,1.0
C,2023-04-16,16,34,3.0
A,2023-04-17,14,24,
A,2023-04-18,20,57,2.0
C,2023-04-19,17,109,3.0
B,2023-04-20,17,33,3.0
B,2023-04-21,13,132,3.0
A,2023-04-22,24,155,1.0
C,2023-04-23,17,66,1.0
B,2023-04-24,18,52,1.0
C,2023-04-25,21,84,2.0
C,2023-04-26,21,193,1.0
C,2023-04-27,13,82,1.0
A,2023-04-28,18,102,3.0
C,2023-04-29,28,19,1.0
A,2023-04-30,17,112,1.0
B,2023-05-01,29,33,1.0
B,2023-05-02,19,156,1.0
C,2023-05-03,12,59,1.0
A,2023-05-04,23,134,2.0
C,2023-05-05,16,88,1.0
A,2023-05-06,26,171,3.0
B,2023-05-07,15,151,2.0
B,2023-05-08,24,21,3.0
C,2023-05-09,18,47,3.0
A,2023-05-10,21,96,2.0
C,2023-05-11,15,141,1.0
C,2023-05-12,18,107,
C,2023-05-13,19,129,3.0
A,2023-05-14,19,17,1.0
C,2023-05-15,21,127,3.0
C,2023-05-16,16,145,1.0
A,2023-05-17,22,92,3.0
B,2023-05-18,14,88,3.0
B,2023-05-19,27,98,1.0
A,2023-05-20,16,122,2.0
B,2023-05-21,15,157,1.0
B,2023-05-22,15,171,3.0
C,2023-05-23,20,27,3.0
C,2023-05-24,17,140,1.0
B,2023-05-25,27,151,2.0
B,2023-05-26,20,153,1.0
B,2023-05-27,24,70,2.0
C,2023-05-28,26,55,2.0
A,2023-05-29,22,14,1.0
B,2023-05-30,22,86,3.0
A,2023-05-31,16,36,1.0
B,2023-06-01,20,184,1.0
C,2023-06-02,21,143,3.0
B,2023-06-03,19,74,1.0
B,2023-06-04,16,59,
C,2023-06-05,22,91,3.0
B,2023-06-06,20,83,2.0
C,2023-06-07,23,21,1.0
A,2023-06-08,22,88,2.0
B,2023-06-09,21,132,1.0
C,2023-06-10,20,68,2.0
C,2023-06-11,18,41,1.0
B,2023-06-12,20,91,1.0
B,2023-06-13,19,28,2.0
B,2023-06-14,20,41,3.0
B,2023-06-15,15,173,3.0
A,2023-06-16,21,160,1.0
C,2023-06-17,29,31,3.0
A,2023-06-18,28,38,3.0
B,2023-06-19,21,115,3.0
A,2023-06-20,18,152,2.0
C,2023-06-21,27,49,2.0
C,2023-06-22,19,179,1.0
C,2023-06-23,18,94,3.0
C,2023-06-24,21,8,3.0
C,2023-06-25,18,183,2.0
A,2023-06-26,20,198,2.0
A,2023-06-27,13,153,2.0
A,2023-06-28,18,163,2.0
C,2023-06-29,17,152,1.0
C,2023-06-30,21,58,1.0
C,2023-07-01,22,13,1.0
C,2023-07-02,15,137,3.0
C,2023-07-03,22,16,1.0
C,2023-07-04,22,115,2.0
A,2023-07-05,12,153,1.0
A,2023-07-06,25,60,1.0
C,2023-07-07,21,93,2.0
A,2023-07-08,22,90,1.0
C,2023-07-09,24,168,1.0
C,2023-07-10,22,64,2.0
C,2023-07-11,20,71,2.0
B,2023-07-12,18,115,1.0
A,2023-07-13,32,123,1.0
B,2023-07-14,23,66,1.0
C,2023-07-15,25,49,2.0
B,2023-07-16,14,87,2.0
C,2023-07-17,15,77,2.0
B,2023-07-18,22,18,2.0
C,2023-07-19,21,97,3.0
A,2023-07-20,23,97,2.0
B,2023-07-21,22,30,2.0
A,2023-07-22,27,80,1.0
A,2023-07-23,25,74,1.0
C,2023-07-24,17,-1,2.0
C,2023-07-25,17,67,2.0
A,2023-07-26,22,-2,3.0
C,2023-07-27,22,44,2.0
C,2023-07-28,21,47,1.0
A,2023-07-29,21,150,1.0
B,2023-07-30,12,58,2.0
B,2023-07-31,15,119,2.0
B,2023-08-01,20,131,2.0
B,2023-08-02,21,83,2.0
A,2023-08-03,17,161,3.0
C,2023-08-04,10,112,3.0
C,2023-08-05,11,77,3.0
A,2023-08-06,21,86,1.0
C,2023-08-07,14,13,1.0
C,2023-08-08,23,63,2.0
A,2023-08-09,12,55,3.0
B,2023-08-10,19,40,1.0
B,2023-08-11,14,24,3.0
A,2023-08-12,20,138,2.0
C,2023-08-13,20,198,3.0
C,2023-08-14,26,-3,3.0
A,2023-08-15,18,0,1.0
A,2023-08-16,17,15,3.0
A,2023-08-17,24,163,3.0
C,2023-08-18,9,111,
A,2023-08-19,13,8,2.0
B,2023-08-20,22,54,1.0
C,2023-08-21,22,-5,2.0
C,2023-08-22,13,53,2.0
A,2023-08-23,20,122,2.0
A,2023-08-24,16,152,1.0
B,2023-08-25,19,197,1.0
C,2023-08-26,17,198,2.0
B,2023-08-27,26,163,3.0
A,2023-08-28,28,104,1.0
B,2023-08-29,24,19,3.0
B,2023-08-30,26,-5,2.0
A,2023-08-31,14,110,3.0
B,2023-09-01,25,118,2.0
C,2023-09-02,26,88,3.0
C,2023-09-03,23,149,2.0
A,2023-09-04,16,184,1.0
B,2023-09-05,21,32,1.0
C,2023-09-06,18,45,
A,2023-09-07,20,44,2.0
A,2023-09-08,18,165,1.0
A,2023-09-09,19,37,2.0
A,2023-09-10,17,104,2.0
C,2023-09-11,17,155,3.0
A,2023-09-12,17,112,1.0
A,2023-09-13,17,185,1.0
A,2023-09-14,13,167,1.0
A,2023-09-15,13,159,1.0
C,2023-09-16,24,173,3.0
A,2023-09-17,11,73,2.0
C,2023-09-18,14,109,1.0
B,2023-09-19,25,155,3.0
C,2023-09-20,16,127,2.0
B,2023-09-21,15,106,3.0
C,2023-09-22,18,29,3.0
C,2023-09-23,20,78,1.0
A,2023-09-24,18,75,1.0
B,2023-09-25,23,88,3.0
B,2023-09-26,24,116,3.0
A,2023-09-27,14,22,2.0
B,2023-09-28,18,195,3.0
B,2023-09-29,27,194,2.0
B,2023-09-30,21,76,3.0
C,2023-10-01,8,163,2.0
C,2023-10-02,25,180,2.0
B,2023-10-03,21,37,3.0
C,2023-10-04,18,47,1.0
C,2023-10-05,21,127,2.0
B,2023-10-06,21,2,3.0
B,2023-10-07,15,16,3.0
A,2023-10-08,21,92,1.0
B,2023-10-09,22,14,3.0
A,2023-10-10,17,141,1.0
B,2023-10-11,27,25,3.0
A,2023-10-12,18,117,3.0
C,2023-10-13,19,111,1.0
C,2023-10-14,24,190,2.0
A,2023-10-15,27,60,
C,2023-10-16,17,196,1.0
B,2023-10-17,23,166,3.0
A,2023-10-18,17,183,3.0
C,2023-10-19,25,119,3.0
C,2023-10-20,26,53,3.0
A,2023-10-21,11,170,2.0
B,2023-10-22,16,14,1.0
C,2023-10-23,25,192,2.0
C,2023-10-24,26,40,3.0
B,2023-10-25,20,18,2.0
C,2023-10-26,17,33,1.0
C,2023-10-27,23,61,1.0
A,2023-10-28,20,52,2.0
A,2023-10-29,24,77,3.0
A,2023-10-30,11,168,1.0
B,2023-10-31,21,69,1.0
A,2023-11-01,22,142,2.0
A,2023-11-02,18,44,3.0
A,2023-11-03,31,91,3.0
B,2023-11-04,13,139,3.0
B,2023-11-05,22,30,3.0
A,2023-11-06,23,31,1.0
C,2023-11-07,19,66,2.0
C,2023-11-08,18,139,2.0
B,2023-11-09,20,160,3.0
C,2023-11-10,18,74,
C,2023-11-11,20,194,3.0
A,2023-11-12,17,103,2.0
A,2023-11-13,21,115,
C,2023-11-14,22,129,1.0
B,2023-11-15,19,151,2.0
A,2023-11-16,12,127,3.0
B,2023-11-17,16,60,3.0
B,2023-11-18,24,44,2.0
B,2023-11-19,18,169,2.0
B,2023-11-20,28,90,1.0
A,2023-11-21,23,63,1.0
B,2023-11-22,20,64,3.0
B,2023-11-23,21,123,1.0
C,2023-11-24,18,195,3.0
C,2023-11-25,23,139,1.0
C,2023-11-26,24,123,3.0
A,2023-11-27,22,163,2.0
A,2023-11-28,13,62,3.0
C,2023-11-29,24,153,1.0
A,2023-11-30,22,46,3.0
B,2023-12-01,16,89,2.0
C,2023-12-02,18,-3,
B,2023-12-03,22,149,1.0
C,2023-12-04,21,11,2.0
A,2023-12-05,12,35,3.0
B,2023-12-06,21,161,3.0
B,2023-12-07,24,47,3.0
B,2023-12-08,21,44,3.0
B,2023-12-09,14,20,
C,2023-12-10,19,126,3.0
C,2023-12-11,18,122,2.0
A,2023-12-12,18,189,3.0
A,2023-12-13,21,82,
A,2023-12-14,19,19,1.0
A,2023-12-15,16,90,3.0
C,2023-12-16,10,186,2.0
A,2023-12-17,12,63,3.0
C,2023-12-18,14,33,1.0
A,2023-12-19,16,152,1.0
C,2023-12-20,16,176,3.0
B,2023-12-21,22,18,3.0
C,2023-12-22,18,144,3.0
B,2023-12-23,29,182,1.0
C,2023-12-24,18,163,2.0
C,2023-12-25,16,152,1.0
C,2023-12-26,18,67,1.0
B,2023-12-27,24,99,1.0
C,2023-12-28,21,54,3.0
C,2023-12-29,21,197,2.0
A,2023-12-30,16,116,3.0
B,2023-12-31,20,97,3.0
A,2024-01-01,19,121,1.0
A,2024-01-02,23,181,3.0
C,2024-01-03,20,171,1.0
A,2024-01-04,17,29,2.0
C,2024-01-05,26,19,2.0
C,2024-01-06,18,135,2.0
A,2024-01-07,27,78,1.0
C,2024-01-08,14,66,3.0
B,2024-01-09,19,41,
C,2024-01-10,21,162,3.0
C,2024-01-11,27,68,2.0
B,2024-01-12,27,117,1.0
B,2024-01-13,12,49,2.0
C,2024-01-14,26,122,1.0
B,2024-01-15,19,19,1.0
C,2024-01-16,33,109,2.0
A,2024-01-17,22,57,2.0
C,2024-01-18,22,81,1.0
B,2024-01-19,21,198,2.0
C,2024-01-20,18,160,2.0
B,2024-01-21,23,136,2.0
A,2024-01-22,28,120,1.0
A,2024-01-23,17,115,3.0
B,2024-01-24,23,57,3.0
C,2024-01-25,33,159,3.0
A,2024-01-26,24,65,3.0
B,2024-01-27,26,127,3.0
B,2024-01-28,21,132,3.0
A,2024-01-29,19,90,2.0
B,2024-01-30,22,80,1.0
C,2024-01-31,17,100,2.0
C,2024-02-01,22,-2,3.0
C,2024-02-02,14,4,3.0
B,2024-02-03,15,26,1.0
B,2024-02-04,18,147,1.0
C,2024-02-05,17,112,2.0
A,2024-02-06,15,68,
C,2024-02-07,25,10,1.0
A,2024-02-08,20,165,1.0
B,2024-02-09,19,19,1.0
C,2024-02-10,21,79,3.0
B,2024-02-11,21,157,
A,2024-02-12,25,134,1.0
B,2024-02-13,17,110,1.0
B,2024-02-14,24,84,3.0
C,2024-02-15,24,62,2.0
B,2024-02-16,17,26,1.0
C,2024-02-17,27,2,3.0
C,2024-02-18,19,101,1.0
A,2024-02-19,23,96,2.0
A,2024-02-20,23,192,1.0
B,2024-02-21,21,82,3.0
B,2024-02-22,13,45,2.0
B,2024-02-23,22,86,
C,2024-02-24,22,34,3.0
A,2024-02-25,19,30,1.0
A,2024-02-26,16,167,2.0
C,2024-02-27,15,122,3.0
B,2024-02-28,25,72,1.0
C,2024-02-29,14,8,3.0
A,2024-03-01,20,99,
C,2024-03-02,18,66,1.0
C,2024-03-03,27,110,1.0
A,2024-03-04,16,119,3.0
A,2024-03-05,24,114,1.0
A,2024-03-06,16,14,3.0
B,2024-03-07,19,160,1.0
C,2024-03-08,27,4,2.0
C,2024-03-09,28,78,1.0
A,2024-03-10,21,25,1.0
B,2024-03-11,19,98,3.0
B,2024-03-12,17,113,3.0
C,2024-03-13,19,11,1.0
A,2024-03-14,21,198,1.0
C,2024-03-15,25,174,3.0
C,2024-03-16,25,42,
C,2024-03-17,14,132,1.0
A,2024-03-18,18,8,3.0
A,2024-03-19,26,63,1.0
B,2024-03-20,23,41,2.0
A,2024-03-21,21,31,
A,2024-03-22,20,197,2.0
A,2024-03-23,23,103,2.0
A,2024-03-24,22,92,3.0
C,2024-03-25,20,30,2.0
C,2024-03-26,20,114,2.0
B,2024-03-27,25,69,3.0
C,2024-03-28,13,47,3.0
B,2024-03-29,20,107,2.0
A,2024-03-30,22,2,3.0
A,2024-03-31,19,95,2.0
A,2024-04-01,19,52,2.0
C,2024-04-02,20,108,1.0
B,2024-04-03,14,29,2.0
A,2024-04-04,15,199,2.0
A,2024-04-05,16,25,3.0
C,2024-04-06,22,39,3.0
A,2024-04-07,14,153,3.0
B,2024-04-08,27,86,1.0
C,2024-04-09,18,141,2.0
B,2024-04-10,16,6,
C,2024-04-11,16,14,2.0
C,2024-04-12,26,160,1.0
A,2024-04-13,21,117,3.0
A,2024-04-14,24,115,
A,2024-04-15,21,177,2.0
B,2024-04-16,18,184,3.0
A,2024-04-17,23,182,2.0
A,2024-04-18,20,129,3.0
C,2024-04-19,20,136,3.0
C,2024-04-20,30,92,2.0
C,2024-04-21,12,59,2.0
B,2024-04-22,22,103,1.0
B,2024-04-23,27,103,2.0
C,2024-04-24,15,87,3.0
B,2024-04-25,19,110,1.0
A,2024-04-26,24,63,
A,2024-04-27,26,81,1.0
C,2024-04-28,20,118,2.0
A,2024-04-29,16,170,2.0
C,2024-04-30,21,80,
B,2024-05-01,21,47,3.0
B,2024-05-02,23,163,2.0
C,2024-05-03,20,5,3.0
C,2024-05-04,23,172,2.0
B,2024-05-05,25,91,
B,2024-05-06,18,64,
C,2024-05-07,15,-2,1.0
B,2024-05-08,24,136,1.0
B,2024-05-09,18,172,1.0
C,2024-05-10,18,83,1.0
C,2024-05-11,17,96,3.0
A,2024-05-12,18,44,2.0
B,2024-05-13,17,39,3.0
C,2024-05-14,17,197,2.0
A,2024-05-15,21,195,1.0
B,2024-05-16,17,43,3.0
B,2024-05-17,18,165,1.0
A,2024-05-18,22,130,3.0
C,2024-05-19,21,171,1.0
C,2024-05-20,16,151,1.0
B,2024-05-21,19,6,2.0
C,2024-05-22,29,137,2.0
A,2024-05-23,19,187,3.0
B,2024-05-24,15,13,
A,2024-05-25,18,64,1.0
B,2024-05-26,25,53,1.0
A,2024-05-27,28,143,3.0
C,2024-05-28,13,135,2.0
C,2024-05-29,19,45,2.0
A,2024-05-30,16,47,3.0
C,2024-05-31,17,88,3.0
C,2024-06-01,17,193,2.0
A,2024-06-02,16,159,1.0
C,2024-06-03,24,85,1.0
C,2024-06-04,15,87,2.0
C,2024-06-05,11,108,3.0
C,2024-06-06,19,51,1.0
A,2024-06-07,12,98,3.0
B,2024-06-08,18,62,1.0
C,2024-06-09,30,83,
C,2024-06-10,22,194,1.0
A,2024-06-11,18,90,2.0
B,2024-06-12,21,41,2.0
B,2024-06-13,36,183,
C,2024-06-14,20,140,2.0
B,2024-06-15,19,-1,3.0
B,2024-06-16,18,22,2.0
B,2024-06-17,11,193,2.0
B,2024-06-18,22,49,3.0
A,2024-06-19,18,18,2.0
C,2024-06-20,27,191,1.0
B,2024-06-21,13,83,1.0
A,2024-06-22,20,118,
A,2024-06-23,15,136,3.0
B,2024-06-24,30,116,2.0
C,2024-06-25,19,159,2.0
A,2024-06-26,18,54,
C,2024-06-27,21,129,1.0
A,2024-06-28,23,54,1.0
A,2024-06-29,17,95,3.0
B,2024-06-30,17,30,2.0
C,2024-07-01,15,177,2.0
A,2024-07-02,18,126,1.0
C,2024-07-03,21,84,
A,2024-07-04,13,22,3.0
C,2024-07-05,25,45,3.0
A,2024-07-06,21,86,1.0
C,2024-07-07,19,155,1.0
A,2024-07-08,19,95,1.0
B,2024-07-09,15,110,2.0
A,2024-07-10,20,54,2.0
C,2024-07-11,25,22,3.0
B,2024-07-12,17,55,3.0
C,2024-07-13,17,62,3.0
B,2024-07-14,17,16,2.0
B,2024-07-15,16,13,2.0
B,2024-07-16,17,-1,2.0
C,2024-07-17,17,105,2.0
B,2024-07-18,15,80,1.0
C,2024-07-19,25,25,3.0
A,2024-07-20,14,149,2.0
B,2024-07-21,25,141,2.0
A,2024-07-22,19,181,2.0
C,2024-07-23,16,108,1.0
A,2024-07-24,17,178,3.0
C,2024-07-25,21,194,3.0
C,2024-07-26,16,83,2.0
A,2024-07-27,14,-3,2.0
A,2024-07-28,23,79,1.0
C,2024-07-29,18,141,3.0
B,2024-07-30,22,63,3.0
B,2024-07-31,20,36,3.0
C,2024-08-01,23,41,3.0
A,2024-08-02,19,2,2.0
A,2024-08-03,23,132,2.0
B,2024-08-04,16,123,
C,2024-08-05,13,138,1.0
A,2024-08-06,21,106,2.0
B,2024-08-07,16,52,3.0
B,2024-08-08,15,56,1.0
A,2024-08-09,22,170,2.0
B,2024-08-10,13,99,1.0
B,2024-08-11,15,120,
B,2024-08-12,27,6,1.0
A,2024-08-13,18,9,1.0
B,2024-08-14,23,82,
C,2024-08-15,23,193,1.0
A,2024-08-16,15,113,1.0
A,2024-08-17,19,196,3.0
C,2024-08-18,21,174,3.0
A,2024-08-19,21,156,2.0
C,2024-08-20,17,168,2.0
B,2024-08-21,14,199,2.0
C,2024-08-22,30,158,3.0
B,2024-08-23,24,68,1.0
C,2024-08-24,18,184,2.0
B,2024-08-25,12,21,2.0
B,2024-08-26,36,80,1.0
B,2024-08-27,28,177,3.0
A,2024-08-28,12,87,2.0
A,2024-08-29,27,17,2.0
C,2024-08-30,18,-4,2.0
B,2024-08-31,17,-1,1.0
B,2024-09-01,20,88,2.0
A,2024-09-02,15,26,2.0
C,2024-09-03,19,99,3.0
C,2024-09-04,13,109,3.0
B,2024-09-05,23,108,3.0
A,2024-09-06,16,199,1.0
C,2024-09-07,20,190,1.0
B,2024-09-08,13,1,1.0
C,2024-09-09,25,11,1.0
A,2024-09-10,17,104,3.0
B,2024-09-11,18,58,2.0
C,2024-09-12,15,-1,2.0
A,2024-09-13,15,82,2.0
A,2024-09-14,18,80,2.0
B,2024-09-15,16,164,
C,2024-09-16,17,1,2.0
C,2024-09-17,11,128,1.0
C,2024-09-18,20,165,1.0
B,2024-09-19,22,159,2.0
B,2024-09-20,15,24,1.0
B,2024-09-21,15,15,3.0
C,2024-09-22,15,34,2.0
A,2024-09-23,16,62,3.0
A,2024-09-24,23,14,3.0
C,2024-09-25,18,-2,
A,2024-09-26,26,123,3.0
A,2024-09-27,13,184,3.0
C,2024-09-28,15,146,2.0
A,2024-09-29,22,142,2.0
C,2024-09-30,19,38,3.0
C,2024-10-01,26,68,3.0
A,2024-10-02,21,134,2.0
B,2024-10-03,14,98,3.0
A,2024-10-04,22,107,2.0
B,2024-10-05,24,-4,3.0
B,2024-10-06,26,24,1.0
C,2024-10-07,19,155,3.0
C,2024-10-08,16,145,1.0
A,2024-10-09,25,183,3.0
A,2024-10-10,28,81,3.0
C,2024-10-11,18,47,1.0
A,2024-10-12,15,51,1.0
A,2024-10-13,16,138,1.0
B,2024-10-14,13,124,2.0
A,2024-10-15,15,100,2.0
C,2024-10-16,26,90,
C,2024-10-17,13,131,
A,2024-10-18,19,6,3.0
B,2024-10-19,20,112,3.0
B,2024-10-20,21,116,3.0
A,2024-10-21,21,102,3.0
B,2024-10-22,19,-2,1.0
C,2024-10-23,27,116,1.0
B,2024-10-24,21,-5,2.0
A,2024-10-25,22,16,3.0
A,2024-10-26,13,151,3.0
B,2024-10-27,22,13,3.0
B,2024-10-28,25,68,3.0
A,2024-10-29,22,59,1.0
B,2024-10-30,23,2,3.0
A,2024-10-31,7,13,2.0
B,2024-11-01,17,134,1.0
C,2024-11-02,23,72,
A,2024-11-03,22,117,1.0
C,2024-11-04,10,11,2.0
A,2024-11-05,29,134,3.0
B,2024-11-06,19,29,2.0
C,2024-11-07,24,80,1.0
A,2024-11-08,15,139,3.0
C,2024-11-09,21,63,2.0
B,2024-11-10,27,-1,1.0
B,2024-11-11,13,118,1.0
A,2024-11-12,17,115,
A,2024-11-13,22,27,3.0
C,2024-11-14,17,66,
B,2024-11-15,18,45,
C,2024-11-16,23,149,1.0
C,2024-11-17,19,100,1.0
B,2024-11-18,21,159,
C,2024-11-19,22,34,3.0
B,2024-11-20,15,18,1.0
A,2024-11-21,21,71,2.0
A,2024-11-22,19,76,2.0
B,2024-11-23,21,60,3.0
A,2024-11-24,13,67,1.0
A,2024-11-25,15,38,1.0
B,2024-11-26,19,125,1.0
B,2024-11-27,18,138,3.0
B,2024-11-28,19,61,2.0
B,2024-11-29,24,-3,3.0
C,2024-11-30,16,127,3.0
C,2024-12-01,25,101,1.0
C,2024-12-02,14,165,2.0
A,2024-12-03,19,67,1.0
A,2024-12-04,18,63,1.0
B,2024-12-05,14,99,3.0
B,2024-12-06,22,115,2.0
C,2024-12-07,18,103,3.0
C,2024-12-08,19,162,1.0
C,2024-12-09,16,5,3.0
A,2024-12-10,18,196,3.0
A,2024-12-11,18,126,3.0
A,2024-12-12,25,173,3.0
A,2024-12-13,17,59,2.0
C,2024-12-14,16,194,1.0
B,2024-12-15,26,185,2.0
C,2024-12-16,22,197,1.0
A,2024-12-17,21,39,2.0
B,2024-12-18,21,8,2.0
A,2024-12-19,17,80,1.0
A,2024-12-20,23,117,1.0
C,2024-12-21,30,54,3.0
C,2024-12-22,21,-3,1.0
A,2024-12-23,20,71,2.0
B,2024-12-24,20,14,2.0
C,2024-12-25,14,23,1.0
B,2024-12-26,22,25,1.0
C,2024-12-27,19,119,3.0
A,2024-12-28,25,196,3.0
A,2024-12-29,19,20,1.0
A,2024-12-30,19,131,3.0
B,2024-12-31,20,105,1.0
A,2025-01-01,16,126,3.0
A,2025-01-02,21,177,1.0
B,2025-01-03,16,5,2.0
B,2025-01-04,25,129,
A,2025-01-05,14,84,
B,2025-01-06,15,185,1.0
C,2025-01-07,20,158,2.0
C,2025-01-08,12,101,2.0
A,2025-01-09,18,87,1.0
C,2025-01-10,12,183,3.0
B,2025-01-11,14,1,2.0
B,2025-01-12,12,142,3.0
B,2025-01-13,17,69,1.0
C,2025-01-14,27,84,1.0
A,2025-01-15,18,1,3.0
B,2025-01-16,26,133,
C,2025-01-17,28,49,2.0
B,2025-01-18,18,103,
B,2025-01-19,17,171,1.0
A,2025-01-20,17,-4,1.0
C,2025-01-21,28,139,3.0
A,2025-01-22,26,110,1.0
A,2025-01-23,23,49,
A,2025-01-24,18,134,1.0
B,2025-01-25,12,107,2.0
B,2025-01-26,19,117,3.0
B,2025-01-27,19,77,3.0
C,2025-01-28,27,183,
B,2025-01-29,21,138,1.0
C,2025-01-30,19,179,3.0
A,2025-01-31,21,86,1.0
A,2025-02-01,20,167,1.0
A,2025-02-02,20,173,3.0
B,2025-02-03,12,-3,3.0
C,2025-02-04,10,185,3.0
A,2025-02-05,18,45,3.0
A,2025-02-06,19,170,1.0
B,2025-02-07,14,186,3.0
C,2025-02-08,17,21,3.0
A,2025-02-09,22,94,1.0
C,2025-02-10,22,52,2.0
C,2025-02-11,25,67,2.0
B,2025-02-12,20,180,1.0
A,2025-02-13,22,-5,3.0
B,2025-02-14,17,187,3.0
C,2025-02-15,17,87,1.0
C,2025-02-16,25,190,2.0
A,2025-02-17,20,81,3.0
C,2025-02-18,16,-3,
B,2025-02-19,18,27,1.0
C,2025-02-20,26,65,
C,2025-02-21,26,20,2.0
C,2025-02-22,24,84,1.0
C,2025-02-23,24,139,1.0
C,2025-02-24,30,77,1.0
B,2025-02-25,24,111,2.0
C,2025-02-26,16,0,
B,2025-02-27,28,180,3.0
C,2025-02-28,26,45,
A,2025-03-01,27,166,
A,2025-03-02,22,188,3.0
B,2025-03-03,18,27,3.0
C,2025-03-04,24,181,3.0
C,2025-03-05,12,36,3.0
A,2025-03-06,14,21,
C,2025-03-07,17,196,3.0
B,2025-03-08,18,5,1.0
C,2025-03-09,19,192,2.0
B,2025-03-10,20,140,3.0
C,2025-03-11,23,194,1.0
A,2025-03-12,29,31,1.0
B,2025-03-13,22,138,3.0
C,2025-03-14,11,56,1.0
C,2025-03-15,13,58,1.0
A,2025-03-16,23,199,2.0
A,2025-03-17,24,19,2.0
A,2025-03-18,11,176,3.0
C,2025-03-19,28,178,3.0
A,2025-03-20,19,26,1.0
B,2025-03-21,11,171,2.0
C,2025-03-22,20,71,3.0
C,2025-03-23,18,88,
A,2025-03-24,19,78,3.0
B,2025-03-25,16,152,3.0
C,2025-03-26,30,7,2.0
B,2025-03-27,18,117,2.0
A,2025-03-28,13,95,1.0
C,2025-03-29,8,83,3.0
B,2025-03-30,20,34,2.0
C,2025-03-31,18,154,3.0
C,2025-04-01,26,162,
B,2025-04-02,18,107,3.0
C,2025-04-03,19,176,1.0
C,2025-04-04,14,165,1.0
C,2025-04-05,19,122,2.0
B,2025-04-06,22,30,3.0
B,2025-04-07,18,40,1.0
C,2025-04-08,20,130,3.0
C,2025-04-09,24,101,2.0
B,2025-04-10,21,76,3.0
C,2025-04-11,19,81,2.0
A,2025-04-12,24,3,2.0
C,2025-04-13,29,184,1.0
A,2025-04-14,13,8,1.0
C,2025-04-15,25,186,1.0
B,2025-04-16,12,34,2.0
B,2025-04-17,19,105,2.0
A,2025-04-18,21,25,2.0
B,2025-04-19,18,48,
A,2025-04-20,18,1,
B,2025-04-21,20,45,1.0
C,2025-04-22,12,13,1.0
A,2025-04-23,27,35,2.0
A,2025-04-24,23,23,1.0
C,2025-04-25,26,86,2.0
A,2025-04-26,18,82,
A,2025-04-27,21,143,
A,2025-04-28,18,50,1.0
B,2025-04-29,22,1,3.0
B,2025-04-30,20,6,
B,2025-05-01,17,141,1.0
A,2025-05-02,23,38,2.0
C,2025-05-03,27,59,2.0
A,2025-05-04,23,150,1.0
C,2025-05-05,22,69,3.0
C,2025-05-06,20,58,3.0
A,2025-05-07,26,199,3.0
A,2025-05-08,24,111,2.0
B,2025-05-09,12,33,1.0
A,2025-05-10,15,89,2.0
B,2025-05-11,21,149,2.0
B,2025-05-12,21,114,2.0
B,2025-05-13,21,75,3.0
C,2025-05-14,24,128,2.0
C,2025-05-15,25,172,3.0
A,2025-05-16,19,45,2.0
B,2025-05-17,12,159,
C,2025-05-18,20,106,3.0
C,2025-05-19,20,35,1.0
C,2025-05-20,17,73,1.0
B,2025-05-21,25,-3,2.0
B,2025-05-22,22,137,3.0
B,2025-05-23,24,197,1.0
B,2025-05-24,21,30,
A,2025-05-25,20,198,2.0
B,2025-05-26,25,116,2.0
A,2025-05-27,21,45,3.0
B,2025-05-28,17,132,1.0
C,2025-05-29,15,46,
C,2025-05-30,20,98,
C,2025-05-31,16,153,3.0
A,2025-06-01,17,7,2.0
A,2025-06-02,19,159,3.0
B,2025-06-03,18,7,2.0
C,2025-06-04,11,84,1.0
A,2025-06-05,16,42,3.0
C,2025-06-06,20,145,2.0
A,2025-06-07,17,82,1.0
B,2025-06-08,13,190,1.0
A,2025-06-09,22,133,2.0
C,2025-06-10,21,159,1.0
C,2025-06-11,20,119,1.0
B,2025-06-12,20,86,2.0
C,2025-06-13,21,38,1.0
B,2025-06-14,20,172,3.0
C,2025-06-15,27,168,3.0
A,2025-06-16,23,61,1.0
A,2025-06-17,15,198,3.0
A,2025-06-18,19,7,
B,2025-06-19,17,122,
C,2025-06-20,19,-4,3.0
C,2025-06-21,23,61,2.0
C,2025-06-22,26,157,1.0
A,2025-06-23,23,185,
C,2025-06-24,14,46,3.0
A,2025-06-25,19,0,1.0
B,2025-06-26,22,78,3.0
B,2025-06-27,20,154,1.0
B,2025-06-28,13,137,
B,2025-06-29,25,-3,1.0
B,2025-06-30,23,-1,1.0
A,2025-07-01,18,33,3.0
C,2025-07-02,18,100,1.0
C,2025-07-03,19,141,2.0
B,2025-07-04,20,19,1.0
B,2025-07-05,22,92,1.0
A,2025-07-06,26,20,2.0
B,2025-07-07,18,9,2.0
C,2025-07-08,15,111,2.0
C,2025-07-09,23,166,
C,2025-07-10,21,144,3.0
A,2025-07-11,25,19,2.0
A,2025-07-12,25,69,3.0
C,2025-07-13,10,21,3.0
A,2025-07-14,17,38,1.0
A,2025-07-15,22,37,3.0
B,2025-07-16,24,91,3.0
A,2025-07-17,19,74,3.0
C,2025-07-18,18,78,1.0
A,2025-07-19,19,182,
B,2025-07-20,21,96,1.0
B,2025-07-21,21,161,1.0
A,2025-07-22,21,186,1.0
B,2025-07-23,17,134,3.0
A,2025-07-24,27,125,2.0
C,2025-07-25,24,196,1.0
B,2025-07-26,27,14,2.0
A,2025-07-27,23,89,1.0
C,2025-07-28,20,20,3.0
C,2025-07-29,19,166,3.0
A,2025-07-30,25,1,3.0
B,2025-07-31,23,73,1.0
A,2025-08-01,18,119,2.0
B,2025-08-02,24,176,1.0
B,2025-08-03,21,153,3.0
A,2025-08-04,28,1,3.0
A,2025-08-05,20,95,3.0
B,2025-08-06,18,194,3.0
A,2025-08-07,25,78,2.0
C,2025-08-08,34,2,
C,2025-08-09,21,177,1.0
C,2025-08-10,25,88,3.0
C,2025-08-11,19,1,2.0
C,2025-08-12,18,113,3.0
B,2025-08-13,23,193,3.0
B,2025-08-14,19,9,2.0
A,2025-08-15,21,126,1.0
A,2025-08-16,19,124,3.0
A,2025-08-17,20,164,2.0
C,2025-08-18,23,105,2.0
B,2025-08-19,26,152,3.0
C,2025-08-20,15,178,3.0
B,2025-08-21,18,176,1.0
B,2025-08-22,24,46,2.0
B,2025-08-23,29,16,1.0
C,2025-08-24,14,105,2.0
B,2025-08-25,24,60,2.0
B,2025-08-26,20,190,3.0
B,2025-08-27,26,117,
C,2025-08-28,14,100,2.0
C,2025-08-29,19,55,
B,2025-08-30,18,24,1.0
B,2025-08-31,21,116,3.0
A,2025-09-01,19,197,3.0
B,2025-09-02,26,179,2.0
A,2025-09-03,24,47,1.0
B,2025-09-04,20,133,2.0
A,2025-09-05,13,74,3.0
B,2025-09-06,13,7,2.0
B,2025-09-07,16,168,1.0
B,2025-09-08,20,20,2.0
B,2025-09-09,23,94,
A,2025-09-10,17,194,3.0
A,2025-09-11,18,68,3.0
B,2025-09-12,16,9,1.0
C,2025-09-13,16,189,1.0
B,2025-09-14,21,167,2.0
B,2025-09-15,18,137,2.0
B,2025-09-16,22,197,3.0
C,2025-09-17,21,26,3.0
B,2025-09-18,20,28,2.0
B,2025-09-19,18,67,2.0
B,2025-09-20,25,139,3.0
B,2025-09-21,21,174,2.0
C,2025-09-22,24,160,1.0
A,2025-09-23,19,50,2.0
B,2025-09-24,15,190,2.0
A,2025-09-25,18,114,2.0
C,2025-09-26,12,167,2.0
